-- MySQL Script generated by MySQL Workbench
-- Tue Dec 22 18:18:09 2020
-- Model: New Model    Version: 1.0
-- MySQL Workbench Forward Engineering

SET @OLD_UNIQUE_CHECKS=@@UNIQUE_CHECKS, UNIQUE_CHECKS=0;
SET @OLD_FOREIGN_KEY_CHECKS=@@FOREIGN_KEY_CHECKS, FOREIGN_KEY_CHECKS=0;
SET @OLD_SQL_MODE=@@SQL_MODE, SQL_MODE='ONLY_FULL_GROUP_BY,STRICT_TRANS_TABLES,NO_ZERO_IN_DATE,NO_ZERO_DATE,ERROR_FOR_DIVISION_BY_ZERO,NO_ENGINE_SUBSTITUTION';

-- -----------------------------------------------------
-- Schema vacation_request
-- -----------------------------------------------------
DROP SCHEMA IF EXISTS `vacation_request` ;

-- -----------------------------------------------------
-- Schema vacation_request
-- -----------------------------------------------------
CREATE SCHEMA IF NOT EXISTS `vacation_request` DEFAULT CHARACTER SET utf8 ;
USE `vacation_request` ;

-- -----------------------------------------------------
-- Table `vacation_request`.`Mitarbeiter_Position`
-- -----------------------------------------------------
DROP TABLE IF EXISTS `vacation_request`.`Mitarbeiter_Position` ;

CREATE TABLE IF NOT EXISTS `vacation_request`.`Mitarbeiter_Position` (
  `idMitarbeiter_Position` INT NOT NULL,
  `Status` VARCHAR(25) NOT NULL,
  PRIMARY KEY (`idMitarbeiter_Position`))
ENGINE = InnoDB;


-- -----------------------------------------------------
-- Table `vacation_request`.`Mitarbeiter`
-- -----------------------------------------------------
DROP TABLE IF EXISTS `vacation_request`.`Mitarbeiter` ;

CREATE TABLE IF NOT EXISTS `vacation_request`.`Mitarbeiter` (
  `idMitarbeiter` INT NOT NULL,
  `idMitarbeiter_Position` INT NOT NULL DEFAULT 1,
  `Vorname` VARCHAR(25) NOT NULL,
  `Nachname` VARCHAR(25) NOT NULL,
  `Straße` VARCHAR(45) NOT NULL,
  `PLZ` INT NOT NULL,
  `Ort` VARCHAR(25) NOT NULL,
  `E-Mail` VARCHAR(45) NOT NULL,
  `Anzahl_Urlaubstage` INT NOT NULL DEFAULT 30,
  PRIMARY KEY (`idMitarbeiter`),
  INDEX `fk_Mitarbeiter_Mitarbeiter_Position_idx` (`idMitarbeiter_Position` ASC) VISIBLE,
  CONSTRAINT `fk_Mitarbeiter_Mitarbeiter_Position`
    FOREIGN KEY (`idMitarbeiter_Position`)
    REFERENCES `vacation_request`.`Mitarbeiter_Position` (`idMitarbeiter_Position`)
    ON DELETE NO ACTION
    ON UPDATE NO ACTION)
ENGINE = InnoDB
DEFAULT CHARACTER SET = utf8;


-- -----------------------------------------------------
-- Table `vacation_request`.`Feiertage`
-- -----------------------------------------------------
DROP TABLE IF EXISTS `vacation_request`.`Feiertage` ;

CREATE TABLE IF NOT EXISTS `vacation_request`.`Feiertage` (
  `idFeiertage` INT NOT NULL,
  `Name` VARCHAR(45) NOT NULL,
  `Beginn` DATE NOT NULL,
  `Ende` DATE NOT NULL,
  `Anzahl_Tage` INT NOT NULL,
  PRIMARY KEY (`idFeiertage`))
ENGINE = InnoDB;


-- -----------------------------------------------------
-- Table `vacation_request`.`Urlaubsantrag_Status`
-- -----------------------------------------------------
DROP TABLE IF EXISTS `vacation_request`.`Urlaubsantrag_Status` ;

CREATE TABLE IF NOT EXISTS `vacation_request`.`Urlaubsantrag_Status` (
  `idUrlaubsantrag_Status` INT NOT NULL,
  `Status` VARCHAR(10) NOT NULL,
  PRIMARY KEY (`idUrlaubsantrag_Status`))
ENGINE = InnoDB;


-- -----------------------------------------------------
-- Table `vacation_request`.`Urlaubsantrag`
-- -----------------------------------------------------
DROP TABLE IF EXISTS `vacation_request`.`Urlaubsantrag` ;

CREATE TABLE IF NOT EXISTS `vacation_request`.`Urlaubsantrag` (
  `idUrlaubsantrag` INT NOT NULL,
  `idMitarbeiter` INT NOT NULL,
  `Beginn` DATE NOT NULL,
  `Ende` DATE NOT NULL,
  `Kalendertage` INT NOT NULL,
  `Wochentage` INT NOT NULL,
  `Wochenendtage` INT NULL,
  `idUrlaubsantrag_Status` INT NOT NULL,
  PRIMARY KEY (`idUrlaubsantrag`),
  INDEX `fk_Urlaubsantrag_Mitarbeiter1_idx` (`idMitarbeiter` ASC) VISIBLE,
  INDEX `fk_Urlaubsantrag_Urlaubsantrag_Status1_idx` (`idUrlaubsantrag_Status` ASC) VISIBLE,
  CONSTRAINT `fk_Urlaubsantrag_Mitarbeiter1`
    FOREIGN KEY (`idMitarbeiter`)
    REFERENCES `vacation_request`.`Mitarbeiter` (`idMitarbeiter`)
    ON DELETE NO ACTION
    ON UPDATE NO ACTION,
  CONSTRAINT `fk_Urlaubsantrag_Urlaubsantrag_Status1`
    FOREIGN KEY (`idUrlaubsantrag_Status`)
    REFERENCES `vacation_request`.`Urlaubsantrag_Status` (`idUrlaubsantrag_Status`)
    ON DELETE NO ACTION
    ON UPDATE NO ACTION)
ENGINE = InnoDB;


-- -----------------------------------------------------
-- Table `vacation_request`.`Projekte`
-- -----------------------------------------------------
DROP TABLE IF EXISTS `vacation_request`.`Projekte` ;

CREATE TABLE IF NOT EXISTS `vacation_request`.`Projekte` (
  `idProjekte` INT NOT NULL,
  `Name` VARCHAR(45) NOT NULL,
  PRIMARY KEY (`idProjekte`))
ENGINE = InnoDB;


-- -----------------------------------------------------
-- Table `vacation_request`.`Mitarbeiter_hat_Projekte`
-- -----------------------------------------------------
DROP TABLE IF EXISTS `vacation_request`.`Mitarbeiter_hat_Projekte` ;

CREATE TABLE IF NOT EXISTS `vacation_request`.`Mitarbeiter_hat_Projekte` (
  `idMitarbeiter` INT NOT NULL,
  `idProjekte` INT NOT NULL,
  PRIMARY KEY (`idMitarbeiter`, `idProjekte`),
  INDEX `fk_Mitarbeiter_has_Projekte_Projekte1_idx` (`idProjekte` ASC) VISIBLE,
  INDEX `fk_Mitarbeiter_has_Projekte_Mitarbeiter1_idx` (`idMitarbeiter` ASC) VISIBLE,
  CONSTRAINT `fk_Mitarbeiter_has_Projekte_Mitarbeiter1`
    FOREIGN KEY (`idMitarbeiter`)
    REFERENCES `vacation_request`.`Mitarbeiter` (`idMitarbeiter`)
    ON DELETE NO ACTION
    ON UPDATE NO ACTION,
  CONSTRAINT `fk_Mitarbeiter_has_Projekte_Projekte1`
    FOREIGN KEY (`idProjekte`)
    REFERENCES `vacation_request`.`Projekte` (`idProjekte`)
    ON DELETE NO ACTION
    ON UPDATE NO ACTION)
ENGINE = InnoDB
DEFAULT CHARACTER SET = utf8;


-- -----------------------------------------------------
-- Table `vacation_request`.`Kritischer_Bereich`
-- -----------------------------------------------------
DROP TABLE IF EXISTS `vacation_request`.`Kritischer_Bereich` ;

CREATE TABLE IF NOT EXISTS `vacation_request`.`Kritischer_Bereich` (
  `idKritischer_Bereich` INT NOT NULL,
  `Name` VARCHAR(45) NOT NULL,
  `Beginn` DATE NOT NULL,
  `Ende` DATE NOT NULL,
  `Anzahl_Tage` INT NOT NULL,
  PRIMARY KEY (`idKritischer_Bereich`))
ENGINE = InnoDB;


SET SQL_MODE=@OLD_SQL_MODE;
SET FOREIGN_KEY_CHECKS=@OLD_FOREIGN_KEY_CHECKS;
SET UNIQUE_CHECKS=@OLD_UNIQUE_CHECKS;

-- -----------------------------------------------------
-- Data for table `vacation_request`.`Mitarbeiter_Position`
-- -----------------------------------------------------
START TRANSACTION;
USE `vacation_request`;
INSERT INTO `vacation_request`.`Mitarbeiter_Position` (`idMitarbeiter_Position`, `Status`) VALUES (1, 'Mitarbeiter');
INSERT INTO `vacation_request`.`Mitarbeiter_Position` (`idMitarbeiter_Position`, `Status`) VALUES (2, 'Teamleiter');
INSERT INTO `vacation_request`.`Mitarbeiter_Position` (`idMitarbeiter_Position`, `Status`) VALUES (3, 'Abteilungsleiter');

COMMIT;


-- -----------------------------------------------------
-- Data for table `vacation_request`.`Mitarbeiter`
-- -----------------------------------------------------
START TRANSACTION;
USE `vacation_request`;
INSERT INTO `vacation_request`.`Mitarbeiter` (`idMitarbeiter`, `idMitarbeiter_Position`, `Vorname`, `Nachname`, `Straße`, `PLZ`, `Ort`, `E-Mail`, `Anzahl_Urlaubstage`) VALUES (1, 1, 'Shushi', 'Mooncake', 'Final Space Straße 1', 12345, 'Universe', 's.mooncake@ostfalia.com', 30);
INSERT INTO `vacation_request`.`Mitarbeiter` (`idMitarbeiter`, `idMitarbeiter_Position`, `Vorname`, `Nachname`, `Straße`, `PLZ`, `Ort`, `E-Mail`, `Anzahl_Urlaubstage`) VALUES (2, 1, 'Lennart', 'Werder', 'Werder Bremen Straße 2', 54321, 'Europaleague', 'l.werder@ostfalia.com', 19);
INSERT INTO `vacation_request`.`Mitarbeiter` (`idMitarbeiter`, `idMitarbeiter_Position`, `Vorname`, `Nachname`, `Straße`, `PLZ`, `Ort`, `E-Mail`, `Anzahl_Urlaubstage`) VALUES (3, 2, 'John', 'Lion', 'Löwenwall 3', 32145, 'Braunschweig', 'j.lion@ostfalia.com', 24);
INSERT INTO `vacation_request`.`Mitarbeiter` (`idMitarbeiter`, `idMitarbeiter_Position`, `Vorname`, `Nachname`, `Straße`, `PLZ`, `Ort`, `E-Mail`, `Anzahl_Urlaubstage`) VALUES (4, 3, 'Mary', 'Elisabeth', 'Hauptstraße 4', 45321, 'Berlin', 'm.elisabeth@ostfalia.com', 10);
INSERT INTO `vacation_request`.`Mitarbeiter` (`idMitarbeiter`, `idMitarbeiter_Position`, `Vorname`, `Nachname`, `Straße`, `PLZ`, `Ort`, `E-Mail`, `Anzahl_Urlaubstage`) VALUES (5, 1, 'Timo', 'Werner', 'Chelsea Football 12', 31000, 'London', 't.werner@ostfalia.com', 27);
INSERT INTO `vacation_request`.`Mitarbeiter` (`idMitarbeiter`, `idMitarbeiter_Position`, `Vorname`, `Nachname`, `Straße`, `PLZ`, `Ort`, `E-Mail`, `Anzahl_Urlaubstage`) VALUES (6, 1, 'Angelique', 'Kerber', 'Wimbledon 2018', 63630, 'Bremen', 'a.kerber@ostfalia.com', 12);

COMMIT;


-- -----------------------------------------------------
-- Data for table `vacation_request`.`Feiertage`
-- -----------------------------------------------------
START TRANSACTION;
USE `vacation_request`;
INSERT INTO `vacation_request`.`Feiertage` (`idFeiertage`, `Name`, `Beginn`, `Ende`, `Anzahl_Tage`) VALUES (1, 'Neujahr', '2021-01-01', '2021-01-01', 1);
INSERT INTO `vacation_request`.`Feiertage` (`idFeiertage`, `Name`, `Beginn`, `Ende`, `Anzahl_Tage`) VALUES (2, 'Karfreitag', '2021-04-02', '2021-04-02', 1);
INSERT INTO `vacation_request`.`Feiertage` (`idFeiertage`, `Name`, `Beginn`, `Ende`, `Anzahl_Tage`) VALUES (3, 'Ostern', '2021-04-04', '2021-04-05', 2);
INSERT INTO `vacation_request`.`Feiertage` (`idFeiertage`, `Name`, `Beginn`, `Ende`, `Anzahl_Tage`) VALUES (4, 'Tag der Arbeit', '2021-05-01', '2021-05-01', 1);
INSERT INTO `vacation_request`.`Feiertage` (`idFeiertage`, `Name`, `Beginn`, `Ende`, `Anzahl_Tage`) VALUES (5, 'Christi Himmelfahrt', '2021-05-13', '2021-05-13', 1);
INSERT INTO `vacation_request`.`Feiertage` (`idFeiertage`, `Name`, `Beginn`, `Ende`, `Anzahl_Tage`) VALUES (6, 'Pfingsten', '2021-05-23', '2021-05-24', 2);
INSERT INTO `vacation_request`.`Feiertage` (`idFeiertage`, `Name`, `Beginn`, `Ende`, `Anzahl_Tage`) VALUES (7, 'Tag der deutschen Einheit', '2021-10-03', '2021-10-03', 1);
INSERT INTO `vacation_request`.`Feiertage` (`idFeiertage`, `Name`, `Beginn`, `Ende`, `Anzahl_Tage`) VALUES (8, 'Reformationstag', '2021-10-31', '2021-10-31', 1);
INSERT INTO `vacation_request`.`Feiertage` (`idFeiertage`, `Name`, `Beginn`, `Ende`, `Anzahl_Tage`) VALUES (9, 'Weihnachten', '2021-12-25', '2021-12-26', 2);

COMMIT;


-- -----------------------------------------------------
-- Data for table `vacation_request`.`Urlaubsantrag_Status`
-- -----------------------------------------------------
START TRANSACTION;
USE `vacation_request`;
INSERT INTO `vacation_request`.`Urlaubsantrag_Status` (`idUrlaubsantrag_Status`, `Status`) VALUES (1, 'prüfend');
INSERT INTO `vacation_request`.`Urlaubsantrag_Status` (`idUrlaubsantrag_Status`, `Status`) VALUES (2, 'genehmigt');
INSERT INTO `vacation_request`.`Urlaubsantrag_Status` (`idUrlaubsantrag_Status`, `Status`) VALUES (3, 'abgelehnt');

COMMIT;


-- -----------------------------------------------------
-- Data for table `vacation_request`.`Projekte`
-- -----------------------------------------------------
START TRANSACTION;
USE `vacation_request`;
INSERT INTO `vacation_request`.`Projekte` (`idProjekte`, `Name`) VALUES (1, 'Datev DMS');
INSERT INTO `vacation_request`.`Projekte` (`idProjekte`, `Name`) VALUES (2, 'Telekom Glasfaserausbau');
INSERT INTO `vacation_request`.`Projekte` (`idProjekte`, `Name`) VALUES (3, 'Corona Warnapp');
INSERT INTO `vacation_request`.`Projekte` (`idProjekte`, `Name`) VALUES (4, 'Ostfalia BIPS Projekt');
INSERT INTO `vacation_request`.`Projekte` (`idProjekte`, `Name`) VALUES (5, 'Wimbledon');
INSERT INTO `vacation_request`.`Projekte` (`idProjekte`, `Name`) VALUES (6, 'Meisterschaft');

COMMIT;


-- -----------------------------------------------------
-- Data for table `vacation_request`.`Mitarbeiter_hat_Projekte`
-- -----------------------------------------------------
START TRANSACTION;
USE `vacation_request`;
INSERT INTO `vacation_request`.`Mitarbeiter_hat_Projekte` (`idMitarbeiter`, `idProjekte`) VALUES (1, 4);
INSERT INTO `vacation_request`.`Mitarbeiter_hat_Projekte` (`idMitarbeiter`, `idProjekte`) VALUES (2, 4);
INSERT INTO `vacation_request`.`Mitarbeiter_hat_Projekte` (`idMitarbeiter`, `idProjekte`) VALUES (5, 6);
INSERT INTO `vacation_request`.`Mitarbeiter_hat_Projekte` (`idMitarbeiter`, `idProjekte`) VALUES (6, 5);

COMMIT;


-- -----------------------------------------------------
-- Data for table `vacation_request`.`Kritischer_Bereich`
-- -----------------------------------------------------
START TRANSACTION;
USE `vacation_request`;
INSERT INTO `vacation_request`.`Kritischer_Bereich` (`idKritischer_Bereich`, `Name`, `Beginn`, `Ende`, `Anzahl_Tage`) VALUES (1, 'Weihnachtsferien', '2020-12-21', '2021-01-08', 19);
INSERT INTO `vacation_request`.`Kritischer_Bereich` (`idKritischer_Bereich`, `Name`, `Beginn`, `Ende`, `Anzahl_Tage`) VALUES (2, 'Winterferien', '2021-02-01', '2021-02-02', 2);
INSERT INTO `vacation_request`.`Kritischer_Bereich` (`idKritischer_Bereich`, `Name`, `Beginn`, `Ende`, `Anzahl_Tage`) VALUES (3, 'Osterferien', '2021-03-29', '2021-04-09', 12);
INSERT INTO `vacation_request`.`Kritischer_Bereich` (`idKritischer_Bereich`, `Name`, `Beginn`, `Ende`, `Anzahl_Tage`) VALUES (4, 'Sommerferien', '2021-07-22', '2021-09-01', 42);
INSERT INTO `vacation_request`.`Kritischer_Bereich` (`idKritischer_Bereich`, `Name`, `Beginn`, `Ende`, `Anzahl_Tage`) VALUES (5, 'Herbstferien', '2021-10-18', '2021-10-29', 12);

COMMIT;

